Title,Date Posted,Employer,Location,Salary,Work Hours,Employment Type,Start Date,Vacancies,Languages,Education,Experience,Responsibilities,Benefits,Valid Through,url
prosthetic assistant,"Posted on March 23, 2024",Metro,"Sarnia, ON",,,,Starts as soon as possible,1 vacancy,,,,,,2024-04-21,https://www.jobbank.gc.ca/jobsearch/jobposting/40601696?source=searchresults
cabinetmaker,"Posted on February 28, 2024",Sympro Mfg Inc.,"Mississauga, ON",27.00 HOUR,30 to 40 hours per week,Permanent employmentFull time,Starts as soon as possible,1 vacancy,English,Secondary (high) school graduation certificate,1 to less than 7 months,"Study plans, specifications or drawings of articles to be made, Trim joints and fit parts and subassemblies together to form complete unit and reinforce joints, Sand wooden surfaces and apply veneer, stain or polish to finished products; prepare and apply laminated plastics, Apply varnish, veneer, stain or polish to finished products, Maintain clean and safe work environment, Supervise other workers, Estimate costs and materials, Operate woodworking machines and use hand tools to cut, shape and form parts and components, Repair or restyle wooden furniture, fixtures and related products",,2024-04-27,https://www.jobbank.gc.ca/jobsearch/jobposting/40386176?source=searchresults
restoration carpenter,"Posted on March 18, 2024",Supra Restoration Services LTD,"Bradford, ON",30.00 HOUR,40 hours per week,Term or contract (ending: 2027-07-02)Full time,,3 vacancies,English,Secondary (high) school graduation certificate,2 years to less than 3 years,"Read and interpret blueprints, drawings and sketches to determine specifications and calculate requirements, Prepare layouts in conformance to building codes, using measuring tools, Measure, cut, shape, assemble and join materials made of wood, wood substitutes, lightweight steel and other materials, Build foundations, install floor beams, lay subflooring and erect walls and roof systems, Fit and install windows, doors, stairs, mouldings and hardware, Schedule and co-ordinate work on sites, Instruct apprentices, Estimate costs and materials, Maintain, repair and renovate residences and wooden structures in mills, mines, hospitals, industrial plants and other establishments",,2024-04-17,https://www.jobbank.gc.ca/jobsearch/jobposting/40548520?source=searchresults
painter,"Posted on March 12, 2024",Majestic Renovations,"Bradford, ON",30.00 HOUR,32 to 44 hours per week,Permanent employmentFull time,Starts as soon as possible,2 vacancies,English,"No degree, certificate or diploma",3 years to less than 5 years,"Prepare, clean and sand surfaces to be painted, Repair cracks and holes, Measure, cut and apply wallpaper and other fabric to walls, Erect scaffolding and swing stages and attach rigging, Apply paint, wallpaper and other materials and finishes to interior and exterior surfaces",,2024-04-11,https://www.jobbank.gc.ca/jobsearch/jobposting/40492860?source=searchresults
marketing coordinator,"Posted on March 25, 2024","Vaco, LLC","Mississauga, ON",,,,Starts as soon as possible,1 vacancy,,,,,,2024-04-26,https://www.jobbank.gc.ca/jobsearch/jobposting/40633827?source=searchresults
store manager - retail,"Posted on March 11, 2024",professional book fairs,"Toronto, ON",44.00 HOUR,35 hours per week,Permanent employmentFull time,Starts as soon as possible,2 vacancies,English,"College, CEGEP or other non-university certificate or diploma from a program of 1 year to 2 years

or equivalent experience",7 months to less than 1 year,"Manage staff and assign duties, Determine merchandise and services to be sold, Develop and implement marketing strategies, Plan budgets and monitor revenues and expenses, Determine staffing requirements, Resolve issues that may arise, including customer requests, complaints and supply shortages, Plan, organize, direct, control and evaluate daily operations, Recruit, hire and supervise staff and/or volunteers, Oversee payroll administration, Supervise office and volunteer staff, 3-4 people",,2024-04-18,https://www.jobbank.gc.ca/jobsearch/jobposting/40483792?source=searchresults
administrative assistant,"Posted on March 25, 2024",URBAN DECOR FURNISHINGS,"Brampton, ON",25.50 HOUR,30 hours per week,Permanent employmentFull time,Starts as soon as possible,1 vacancy,English,Secondary (high) school graduation certificate,7 months to less than 1 year,"Determine and establish office procedures and routines, Schedule and confirm appointments, Answer telephone and relay telephone calls and messages, Answer electronic enquiries, Order office supplies and maintain inventory, Organize staff consultation and grievance procedures, Plan, organize, direct, control and evaluate daily operations, Arrange travel, related itineraries and make reservations, Greet people and direct them to contacts or service areas, Open and distribute regular and electronic incoming mail and other material and co-ordinate the flow of information, Provide customer service",Other benefits,2024-04-24,https://www.jobbank.gc.ca/jobsearch/jobposting/40613014?source=searchresults
store manager - retail,"Posted on March 11, 2024",professional book fairs,"Milton, ON",44.00 HOUR,35 hours per week,Permanent employmentFull time,Starts as soon as possible,2 vacancies,English,"College, CEGEP or other non-university certificate or diploma from a program of 1 year to 2 years

or equivalent experience",7 months to less than 1 year,"Manage staff and assign duties, Determine merchandise and services to be sold, Develop and implement marketing strategies, Plan budgets and monitor revenues and expenses, Determine staffing requirements, Resolve issues that may arise, including customer requests, complaints and supply shortages, Plan, organize, direct, control and evaluate daily operations, Recruit, hire and supervise staff and/or volunteers, Oversee payroll administration, Supervise office and volunteer staff, 3-4 people",,2024-04-18,https://www.jobbank.gc.ca/jobsearch/jobposting/40483813?source=searchresults
line cook,"Posted on March 06, 2024",Kelseys Grand Park,"Mississauga, ON",17.00 HOUR,40 hours per week,Permanent employmentFull time,Starts as soon as possible,2 vacancies,English,Secondary (high) school graduation certificate,1 year to less than 2 years,"Prepare and cook complete meals or individual dishes and foods, Prepare dishes for customers with food allergies or intolerances, Prepare and cook special meals for patients as instructed by dietitian or chef, Plan menus, determine size of food portions, estimate food requirements and costs, and monitor and order supplies, Inspect kitchens and food service areas, Train staff in preparation, cooking and handling of food, Order supplies and equipment, Maintain inventory and records of food, supplies and equipment, Clean kitchen and work areas, Recruit and hire staff, Organize buffets and banquets",,2024-04-15,https://www.jobbank.gc.ca/jobsearch/jobposting/40437740?source=searchresults
"cook, ethnic foods","Posted on March 17, 2024",Mr. Shawarma,"Ottawa, ON",18.00 HOUR,40 hours per week,Permanent employmentFull time,Starts as soon as possible,1 vacancy,English,"Other trades certificate or diploma

or equivalent experience",1 year to less than 2 years,"Prepare and cook complete meals or individual dishes and foods, Train staff in preparation, cooking and handling of food, Clean kitchen and work areas, Ensure that food and service meet quality control standards, Prepare and cook meals or specialty foods","Dental plan, Health care plan, Vision care benefits, Bonus, Gratuities, Life insurance",2024-04-16,https://www.jobbank.gc.ca/jobsearch/jobposting/40541336?source=searchresults
retail sales associate,"Posted on March 15, 2024",1000642698 Ontario Inc.,"Elliot Lake, ON",17.50 HOUR,32.5 hours per week,Permanent employmentFull time,Starts as soon as possible,1 vacancy,English,Secondary (high) school graduation certificate,1 to less than 7 months,"Operate cash register, Perform data entry, Provide customer service, Assist in display of merchandise, Greet customers and discuss type, quality and quantity of merchandise or services sought for purchase, rental or lease, Prepare merchandise for purchase, rental or lease, Prepare sales, rental or leasing contracts and accept cash, cheque, credit card or automatic debit payment",,2024-04-14,https://www.jobbank.gc.ca/jobsearch/jobposting/40525006?source=searchresults
hotel managing supervisor,"Posted on March 18, 2024",DAYS INN BRAMPTON,"Brampton, ON",22.00 HOUR,35 to 40 hours per week,Permanent employmentFull time,Starts as soon as possible,1 vacancy,English,Secondary (high) school graduation certificate,1 year to less than 2 years,"Perform same duties as workers supervised, Co-ordinate, assign and review work, Maintain operation of computer systems, equipment, machinery and arrange repair work to ensure business continuity and customer service delivery, Establish work schedules and procedures and co-ordinate activities with other work units or departments, Hire and train staff in job duties, safety procedures and company policies, Resolve work-related problems and prepare and submit progress and other reports",,2024-04-17,https://www.jobbank.gc.ca/jobsearch/jobposting/40546989?source=searchresults
farm supervisor,"Posted on March 05, 2024",Nature Fresh Farms Inc.,"Leamington, ON",21.50 HOUR,40 to 60 hours per week,Permanent employmentFull time,Starts as soon as possible,3 vacancies,English,"No degree, certificate or diploma",1 to less than 7 months,"Cut horticultural crops, Deleafing, Greenhouse cleaning, Level earth to fine grade specifications, Remove manually all suckers and water sprouts, Tie and secure plants, Co-ordinate and supervise the work of general farm workers and harvesting labourers, Develop work schedules and establish procedures, Ensure farm safety and bio-security procedures are followed, Maintain quality control and production records, Supervise and oversee growing and other crop-related operations, Perform general farm duties, More than 20 people","Dental plan, Health care plan, Paramedical services coverage, As per collective agreement",2024-04-04,https://www.jobbank.gc.ca/jobsearch/jobposting/40430625?source=searchresults
retail store supervisor,"Posted on February 29, 2024",2083347 Ontario Inc.,"Brampton, ON",22.80 HOUR,30 to 35 hours per week,Permanent employmentFull time,Starts as soon as possible,1 vacancy,English,Secondary (high) school graduation certificate,2 years to less than 3 years,"Supervise staff (apprentices, stages hands, design team, etc.), Assign sales workers to duties, Authorize return of merchandise, Establish work schedules, Sell merchandise, Prepare reports on sales volumes, merchandising and personnel matters, Resolve issues that may arise, including customer requests, complaints and supply shortages, Organize and maintain inventory, Supervise and co-ordinate activities of workers",,2024-04-27,https://www.jobbank.gc.ca/jobsearch/jobposting/40396946?source=searchresults
social worker,"Posted on March 26, 2024",FunctionAbility Rehabilitation Services,"Ottawa, ON",,,Full time,Starts as soon as possible,1 vacancy,,,,,,,https://www.jobbank.gc.ca/jobsearch/jobposting/40625828?source=searchresults
structural engineer,"Posted on March 19, 2024",Englobe Corp.,"Toronto, ON",,,Full time,Starts as soon as possible,1 vacancy,,,,,,2024-04-18,https://www.jobbank.gc.ca/jobsearch/jobposting/40554376?source=searchresults
bar manager,"Posted on March 07, 2024",Boston Pizza,"Scarborough, ON",27.00 HOUR,35 hours per week,Permanent employmentFull time,Starts as soon as possible,1 vacancy,English,College/CEGEP,1 year to less than 2 years,"Plan, organize, direct, control and evaluate daily operations, Ensure health and safety regulations are followed, Participate in marketing plans and implementation, Set staff work schedules and monitor staff performance, Address customers' complaints or concerns, Provide customer service, Recruit, train and supervise staff, 3-4 people",,2024-04-17,https://www.jobbank.gc.ca/jobsearch/jobposting/40449098?source=searchresults
programmer analyst,"Posted on March 26, 2024",CTDI,"Oakville, ON",,,,Starts as soon as possible,1 vacancy,,,,,,2024-04-26,https://www.jobbank.gc.ca/jobsearch/jobposting/40633459?source=searchresults
food service supervisor,"Posted on March 18, 2024",2773916 Ontario Inc.,"Mississauga, ON",17.00 HOUR,30 to 45 hours per week,Permanent employmentFull time,Starts as soon as possible,1 vacancy,English,Secondary (high) school graduation certificate,1 year to less than 2 years,"Establish methods to meet work schedules, Supervise and co-ordinate activities of staff who prepare and portion food, Estimate ingredient and supplies required for meal preparation, Ensure that food and service meet quality control standards, Address customers' complaints or concerns, Prepare and submit reports, Supervise and check assembly of trays, Supervise and check delivery of food trolleys, Establish work schedules, 1 to 2 people, 3-4 people",Other benefits,2024-04-01,https://www.jobbank.gc.ca/jobsearch/jobposting/40552967?source=searchresults
plumber helper,"Posted on March 22, 2024",Numinous Creations Inc.,"Mississauga, ON",24.50 HOUR,40 hours per week,Permanent employmentFull time,Starts as soon as possible,1 vacancy,English,"Secondary (high) school graduation certificate

or equivalent experience",Experience an asset,"Erect and dismantle concrete forms, scaffolding, ramps, catwalks shoring and barricades, Mix, pour and spread materials such as concrete and asphalt, Pave and rake asphalt, Perform routine maintenance work",,2024-04-21,https://www.jobbank.gc.ca/jobsearch/jobposting/40592014?source=searchresults
truck driver-supervisor,"Posted on March 09, 2024",10688436 Canada Inc.,"Peterborough, ON",32.00 HOUR,35 hours per week,Permanent employmentFull time,Starts as soon as possible,1 vacancy,English,Secondary (high) school graduation certificate,1 year to less than 2 years,"Prepare production and other reports, Supervise workers and projects, Train or arrange for training, Monitor and operate signal and track switch control panel, Co-ordinate and schedule activities, Ensure health and safety regulations are followed, Recommend personnel actions, Co-ordinate repairs and rentals, Requisition or order materials, equipment and supplies, Resolve work problems and recommend measures to improve work methods, 5-10 people",,2024-04-08,https://www.jobbank.gc.ca/jobsearch/jobposting/40468953?source=searchresults
administrative assistant,"Posted on March 15, 2024","FENGHILL REALTY INC., BROKERAGE","North York, ON",17.00 HOUR,,Permanent employmentFull time,Starts as soon as possible,1 vacancy,,,,,,,https://www.jobbank.gc.ca/jobsearch/jobposting/40534878?source=searchresults
cashier,"Posted on March 20, 2024",Farm Boy Inc.,"Ottawa, ON",,,,Starts as soon as possible,1 vacancy,,,,,,2024-04-20,https://www.jobbank.gc.ca/jobsearch/jobposting/40575851?source=searchresults
store manager - retail,"Posted on March 20, 2024",Sally Beauty Holdings,"Whitby, ON",,,,Starts as soon as possible,1 vacancy,,,,,,2024-04-20,https://www.jobbank.gc.ca/jobsearch/jobposting/40576152?source=searchresults
personal support worker - home support,"Posted on February 27, 2024",JOHN VECCHIARELLI,"Woodbridge, ON",19.00 HOUR,35 hours per week,Permanent employmentFull time,Starts as soon as possible,1 vacancy,English,"Secondary (high) school graduation certificate

or equivalent experience",1 to less than 7 months,"Administer bedside and personal care, Administer medications, Assist clients with bathing and other aspects of personal hygiene, Assist in regular exercise, e.g., walk, Assume full responsibility for household (in absence of householder), Feed or assist in feeding, Launder clothing and household linens, Mend clothing and linens, Perform light housekeeping and cleaning duties, Plan therapeutic diets and menus, Provide companionship, Provide personal care, Shop for food and household supplies, Prepare and serve nutritious meals",,2024-04-13,https://www.jobbank.gc.ca/jobsearch/jobposting/40379635?source=searchresults
customer service adviser,"Posted on March 19, 2024",RONA+,"Kanata, ON",,,,Starts as soon as possible,1 vacancy,,,,,,2024-04-19,https://www.jobbank.gc.ca/jobsearch/jobposting/40565042?source=searchresults
administrative officer,"Posted on March 27, 2024",Dale Parsons,"Mississauga, ON",27.00 HOUR,35 hours per week,Permanent employmentFull time,Starts as soon as possible,2 vacancies,English,Secondary (high) school graduation certificate,1 year to less than 2 years,"Review and evaluate new administrative procedures, Delegate work to office support staff, Establish work priorities and ensure procedures are followed and deadlines are met, Carry out administrative activities of establishment, Administer policies and procedures related to the release of records in processing requests under government access to information and privacy legislation, Co-ordinate and plan for office services such as accommodation, relocation, equipment, supplies, forms, disposal of assets, parking, maintenance and security services, Assist in the preparation of operating budget and maintain inventory and budgetary controls, Assemble data and prepare periodic and special reports, manuals and correspondence, Oversee and co-ordinate office administrative procedures, 3-4 people",,2024-04-26,https://www.jobbank.gc.ca/jobsearch/jobposting/40637513?source=searchresults
Managers in customer and personal services,"Posted on March 27, 2024",Paladin Security,"Burlington, ON",20.38 HOUR,,Full time,Starts as soon as possible,,,,,,,2024-04-26,https://www.jobbank.gc.ca/jobsearch/jobposting/40637309?source=searchresults
concrete finisher,"Posted on March 15, 2024",Cambridge Landscaping and Construction ltd,"Mississauga, ON",39.30 HOUR,40 hours per week,Permanent employmentFull time,Starts as soon as possible,2 vacancies,English,"No degree, certificate or diploma",3 years to less than 5 years,"Check formwork, granular base and steel reinforcement materials and direct placement of concrete into forms or onto surfaces according to grade, Fill hollows and remove spots on freshly poured cement, Prepare tenders and quotations, Operate power vibrators to compact concrete, Level top surface concrete according to grade and depth specification, Impart desired finish to concrete surfaces using hand and power tools, Instruct apprentices, Install anchor bolts, steel plates, door sills and other fixtures, Waterproof, damp proof and restore surfaces, Repair, resurface and replace worn or damaged sections of concrete structures, Read and interpret blueprints, maps, drawings and specifications","Dental plan, Disability benefits, Health care plan, Paramedical services coverage, Vision care benefits, As per collective agreement",2024-04-14,https://www.jobbank.gc.ca/jobsearch/jobposting/40526058?source=searchresults
food services manager,"Posted on March 25, 2024",2024012 Ontario Inc,"Hamilton, ON",20.50 HOUR,40 hours per week,Permanent employmentFull time,Starts as soon as possible,1 vacancy,English,"No degree, certificate or diploma",2 years to less than 3 years,"Plan, organize, direct, control and evaluate daily operations, Conduct performance reviews, Organize and maintain inventory, Ensure health and safety regulations are followed, Negotiate arrangements with suppliers for food and other supplies, Set staff work schedules and monitor staff performance, Leading/instructing individuals, Address customers' complaints or concerns, Provide customer service, Recruit, train and supervise staff, Perform preventive maintenance, Inspect and test final products, Order stock, Maintain clean and safe work environment, Inspect the cleanliness and practices of establishment employees, 3-4 people",,2024-04-24,https://www.jobbank.gc.ca/jobsearch/jobposting/40615894?source=searchresults
pharmacist,"Posted on March 28, 2024",Silver Fox Pharmacy London,"London, ON",,,Permanent employmentFull time,Starts as soon as possible,1 vacancy,,,,,,,https://www.jobbank.gc.ca/jobsearch/jobposting/40651734?source=searchresults
area sales manager,"Posted on March 26, 2024",Kiewit,"Toronto, ON",,,,Starts as soon as possible,1 vacancy,,,,,,2024-04-26,https://www.jobbank.gc.ca/jobsearch/jobposting/40633689?source=searchresults
personal support worker – nursing care,"Posted on February 27, 2024",PeopleCare Communities Inc.,"Delhi, ON",22.34 HOUR,30 to 40 hours per week,Permanent employmentFull time,Starts as soon as possible,22 vacancies,English,"College, CEGEP or other non-university certificate or diploma from a program of 1 year to 2 years

or equivalent experience",Experience an asset,"Supply and empty bed pans, Take patients' blood pressure, temperature and pulse, Serve meal trays and feed patients, Weigh, lift, turn and position patients, Make beds and maintain patients' rooms, Bathe, dress and groom patients, Transport patients in wheelchair or stretcher, Collect specimens, Accompany patients on outside recreational activities and perform other duties related to patient care and comfort, Administer first aid in emergency situations, Provide personal care, Provide companionship, Perform light housekeeping and cleaning duties, Launder clothing and household linens, Administer bedside and personal care, Feed or assist in feeding, Assist clients with bathing and other aspects of personal hygiene","Dental plan, Health care plan, As per collective agreement, Group insurance benefits, Other benefits",2024-04-22,https://www.jobbank.gc.ca/jobsearch/jobposting/40376249?source=searchresults
registered early childhood educator  (RECE),"Posted on March 27, 2024",An Apple A Daycare Inc,"Kingston, ON",21.00 HOUR,35 to 44 hours per week,Permanent employmentFull time,Starts as soon as possible,1 vacancy,English,"College/CEGEP

or equivalent experience
Early childhood education and teaching",2 years to less than 3 years,"Bathe, diaper and feed infants and toddlers, Develop and implement child-care programs that support and promote the physical, cognitive, emotional and social development of children, Assist early childhood educators in carrying out programs that promote the physical, cognitive, emotional and social development of children, Lead activities by telling or reading stories, teaching songs and taking children to local points of interest, Assist early childhood educators or supervisors in keeping records, Encourage children to express creativity through the media of art, dramatic play, music and physical activity, Engage children in activities by telling stories, teaching songs and preparing crafts, Guide and assist children in the development of proper eating, dressing and toilet habits, Maintain daycare equipment and assist in housekeeping and cooking duties, Observe children for signs of potential learning or behavioural problems and prepare reports for parents, guardians or supervisor, Submit written observations on children to early childhood educators or supervisors, Discuss progress and problems of children at staff meetings, Knowledge of licensing regulations, Establish guidelines for behaviour, Assess the abilities, interests and needs of children and discuss progress or problems with parents and other staff members, Attend staff meetings to discuss progress and problems of children, Establish and maintain collaborative relationships with co-workers and community service providers working with children, Plan and maintain an environment that protects the health, security and well-being of children, Plan and organize activities for school-age children in child-care programs before and after regular school hours, Supervise and co-ordinate activities of other early childhood educators and early childhood educator assistants, 5-10 people",,2024-04-26,https://www.jobbank.gc.ca/jobsearch/jobposting/40639911?source=searchresults
educational assistant,"Posted on March 28, 2024",Simcoe County District School Board,"Bradford, ON",,,Permanent employmentFull time,Starts as soon as possible,1 vacancy,,,,,,2024-05-27,https://www.jobbank.gc.ca/jobsearch/jobposting/40645318?source=searchresults
school vice-principal,"Posted on March 26, 2024",Brant Haldimand Norfolk Catholic District School Board,"Brantford, ON",,,Permanent employmentFull time,Starts as soon as possible,1 vacancy,,,,,,2024-05-25,https://www.jobbank.gc.ca/jobsearch/jobposting/40631227?source=searchresults
parts counter clerk,"Posted on March 20, 2024",Freightliner North Bay,"North Bay, ON",20.00 HOUR,80 hours bi-weekly,Permanent employmentFull time,Starts as soon as possible,1 vacancy,English or French,"Secondary (high) school graduation certificate

or equivalent experience",Experience an asset,"Answer telephone and relay telephone calls and messages, Clean and maintain office, supply area or warehouse, Conduct sales calls, Perform general office duties, Set-up displays of retail parts and accessories, Address customers' complaints or concerns, Advise on use and appropriateness of goods or parts, Handle cash transactions, Identify, label and catalogue items received, Issue and distribute parts and supplies for internal use, Maintain records on inventory control system, Prepare and track work orders, Prepare requisition orders to replenish parts and supplies, Process incoming requisitions, Receive, unpack and sort incoming parts, supplies and materials, Sell spare and replacement parts, Ship, deliver or pick up parts, products or equipment, Store items in warehouse, tool room or supply area","Dental plan, Disability benefits, Health care plan, Group insurance benefits, Life insurance, Pension plan, Long-term care insurance, Free parking available, Learning/training paid by employer, Team building opportunities",2024-04-14,https://www.jobbank.gc.ca/jobsearch/jobposting/40566919?source=searchresults
ESL (English as a second language) high school teacher,"Posted on March 24, 2024",Futurein Education,"North York, ON",40.00 HOUR,10 to 22 hours per week,Casual employmentPart time,Starts as soon as possible,5 vacancies,English,"Bachelor's degree

or equivalent experience",3 years to less than 5 years,"Assign and correct homework, Develop course content, Evaluate the progress of students and discuss results with students, parents and school officials, Prepare, administer and correct tests, Provide tutoring assistance, Teach students through lectures, discussions, audio-visual presentations and laboratory, shop and field studies",,2024-04-23,https://www.jobbank.gc.ca/jobsearch/jobposting/40607901?source=searchresults
assistant cook,"Posted on March 26, 2024",Bento Sushi,"Guelph, ON",17.00 HOUR,30 hours per week,Permanent employmentFull time,Starts as soon as possible,1 vacancy,English,"Secondary (high) school graduation certificate

or equivalent experience",Will train,"Prepare and cook complete meals or individual dishes and foods, Plan menus, determine size of food portions, estimate food requirements and costs, and monitor and order supplies, Inspect kitchens and food service areas, Clean kitchen and work areas",,2024-04-25,https://www.jobbank.gc.ca/jobsearch/jobposting/40625652?source=searchresults
aerobics instructor,"Posted on March 18, 2024",Canadian Forces Morale and Welfare Services - CFMWS,"Kingston, ON",,,Term or contract,Starts as soon as possible,1 vacancy,,,,,,2024-04-16,https://www.jobbank.gc.ca/jobsearch/jobposting/40548931?source=searchresults
office administrator,"Posted on February 29, 2024",Adria Chemicals & Abrasives Inc.,"Woodbridge, ON",27.10 HOUR,35 to 40 hours per week,Permanent employmentFull time,Starts as soon as possible,1 vacancy,English,Secondary (high) school graduation certificate,7 months to less than 1 year,"Review and evaluate new administrative procedures, Delegate work to office support staff, Establish work priorities and ensure procedures are followed and deadlines are met, Carry out administrative activities of establishment, Co-ordinate and plan for office services such as accommodation, relocation, equipment, supplies, forms, disposal of assets, parking, maintenance and security services, Assemble data and prepare periodic and special reports, manuals and correspondence, Oversee and co-ordinate office administrative procedures",,2024-04-10,https://www.jobbank.gc.ca/jobsearch/jobposting/40395602?source=searchresults
stocking inspector,"Posted on March 27, 2024",Home Depot,"Oakville, ON",,,Permanent employmentFull time,Starts as soon as possible,1 vacancy,,,,,,2024-04-11,https://www.jobbank.gc.ca/jobsearch/jobposting/40644117?source=searchresults
retail merchandiser,"Posted on March 26, 2024",CROSSMARK,"Whitby, ON",,,Part time,Starts as soon as possible,1 vacancy,,,,,,2024-04-26,https://www.jobbank.gc.ca/jobsearch/jobposting/40633353?source=searchresults
special education teacher - elementary school,"Posted on March 25, 2024",Sudbury Catholic District School Board,"Sudbury, ON",,,Permanent employmentFull time,Starts as soon as possible,1 vacancy,,,,,,2024-05-24,https://www.jobbank.gc.ca/jobsearch/jobposting/40618557?source=searchresults
food service supervisor,"Posted on March 13, 2024",SUBWAY SANDWICHES,"Pickering, ON",17.00 HOUR,30 to 40 hours per week,Permanent employmentFull time,Starts as soon as possible,2 vacancies,English,Secondary (high) school graduation certificate,7 months to less than 1 year,"Establish methods to meet work schedules, Train staff in job duties, sanitation and safety procedures, Estimate ingredient and supplies required for meal preparation, Hire food service staff, Address customers' complaints or concerns, Maintain records of stock, repairs, sales and wastage, Prepare and submit reports, Establish work schedules, 3-4 people",,2024-04-12,https://www.jobbank.gc.ca/jobsearch/jobposting/40508500?source=searchresults
millwright,"Posted on March 22, 2024",Orlick Industries,"Hamilton, ON",38.00 HOUR,,Permanent employmentFull time,Starts as soon as possible,1 vacancy,,,,,,,https://www.jobbank.gc.ca/jobsearch/jobposting/40591652?source=searchresults
window cleaner,"Posted on March 22, 2024",CP Window Cleaning,"Carleton Place, ON",17.00 HOUR,,,Starts as soon as possible,1 vacancy,,,,,,,https://www.jobbank.gc.ca/jobsearch/jobposting/40591432?source=searchresults
"doctor, medical","Posted on March 16, 2024",Aria Medical Centre,"Toronto, ON","120,112.18 YEAR",,Full time,Starts as soon as possible,1 vacancy,,,,,,,https://www.jobbank.gc.ca/jobsearch/jobposting/40537317?source=searchresults
statistical consultant,"Posted on March 11, 2024",Connect Life Sciences Inc,"Toronto, ON","121,346.82 YEAR",,Permanent employmentFull time,Starts as soon as possible,1 vacancy,,,,,,2024-04-09,https://www.jobbank.gc.ca/jobsearch/jobposting/40483022?source=searchresults
food service supervisor,"Posted on March 11, 2024",Harvey's,"Barrie, ON",17.00 HOUR,35 to 40 hours per week,Permanent employmentFull time,Starts as soon as possible,1 vacancy,English,Secondary (high) school graduation certificate,7 months to less than 1 year,"Establish methods to meet work schedules, Supervise and co-ordinate activities of staff who prepare and portion food, Train staff in job duties, sanitation and safety procedures, Estimate ingredient and supplies required for meal preparation, Ensure that food and service meet quality control standards, Address customers' complaints or concerns, Maintain records of stock, repairs, sales and wastage, Prepare and submit reports, Must have knowledge of the establishment's culinary genres, Establish work schedules, 3-4 people, Food and beverage servers, Food service counter attendants and food preparers",,2024-04-17,https://www.jobbank.gc.ca/jobsearch/jobposting/40480460?source=searchresults
dispatchers supervisor,"Posted on March 01, 2024",SHAH TRANSPORT LTD,"Mississauga, ON",27.50 HOUR,35 hours per week,Permanent employmentFull time,Starts as soon as possible,1 vacancy,English,Secondary (high) school graduation certificate,1 year to less than 2 years,"Establish work schedules and procedures, Co-ordinate activities with other work units or departments, Prepare and submit reports, Resolve work problems, provide technical advice and recommend measures to improve productivity and product quality, Recruit and hire staff, Train workers in duties and policies, Co-ordinate, assign and review work, Plan, organize and oversee operational logistics of the organization",,2024-03-31,https://www.jobbank.gc.ca/jobsearch/jobposting/40403204?source=searchresults
database administrator (DBA),"Posted on March 26, 2024",Branksome Hall,"Toronto, ON",,,Permanent employmentFull time,Starts as soon as possible,1 vacancy,,,,,,2024-05-25,https://www.jobbank.gc.ca/jobsearch/jobposting/40634408?source=searchresults
carpenter helper,"Posted on March 22, 2024",SANDHU RENOVATION INC.,"Brampton, ON",23.00 HOUR,40 hours per week,Permanent employmentFull time,Starts as soon as possible,3 vacancies,English,"No degree, certificate or diploma",Will train,"Load, unload and transport construction materials, Erect and dismantle concrete forms, scaffolding, ramps, catwalks shoring and barricades, Mix, pour and spread materials such as concrete and asphalt, Assist in framing houses, erecting walls and building roofs, Level earth to fine grade specifications, Pave and rake asphalt, Assist in demolishing buildings, Clean and pile salvaged materials, Clean up chemical spills and other contaminants, Remove rubble and other debris at construction sites, Tend or feed machines or equipment used in construction",,2024-04-21,https://www.jobbank.gc.ca/jobsearch/jobposting/40591249?source=searchresults
kitchen helper,"Posted on March 13, 2024",Grab & Go Indian Kitchen Inc.,"York, ON",27.00 HOUR,35 hours per week,Permanent employmentFull time,Starts as soon as possible,1 vacancy,English,"Secondary (high) school graduation certificate

or equivalent experience",1 to less than 7 months,"Clean and sanitize kitchen including work surfaces, cupboards, storage areas, appliances and equipment, Receive, unpack and store supplies in refrigerators, freezers, cupboards and other storage areas, Remove kitchen garbage and trash, Sweep, mop, wash and polish floors, Wash, peel and cut vegetables and fruit","Free parking available, Parking available",2024-04-15,https://www.jobbank.gc.ca/jobsearch/jobposting/40504847?source=searchresults
operations manager - administrative services,"Posted on March 23, 2024",Baklawa King,"Hannon, ON",48.00 HOUR,38 to 40 hours per week,Permanent employmentFull time,Starts as soon as possible,1 vacancy,English,Bachelor's degree,1 year to less than 2 years,"Co-ordinate administrative services, Collect and record administrative and service fees, Assist in preparing annual budgets, Conduct research, Plan, organize, direct, control and evaluate daily operations, Direct and advise staff engaged in providing records management, security, finance, purchasing, human resources or other administrative services, Hire and train or arrange for training of staff, Interview, hire and provide training for staff, Plan, administer and control budgets for client projects, contracts, equipment and supplies, Plan, organize, direct, control and evaluate the operations of a department providing a single administrative service or several administrative services, Prepare reports and briefs for management committees evaluating administrative services, Food preparation, Food safety/handling skills, 1 to 2 people, Food service counter attendants and food preparers","Health care plan, As per collective agreement, Bonus, Learning/training paid by employer, On-site recreation and activities, Paid time off (volunteering or personal days)",2024-04-22,https://www.jobbank.gc.ca/jobsearch/jobposting/40601740?source=searchresults
dental assistant,"Posted on March 20, 2024",By the Lake Dental,"Scarborough, ON",21.50 HOUR,,Permanent employmentFull time,Starts as soon as possible,1 vacancy,,,,,,,https://www.jobbank.gc.ca/jobsearch/jobposting/40568885?source=searchresults
customer service adviser,"Posted on March 22, 2024",HMG,"Oshawa, ON",,,Permanent employmentFull time,Starts as soon as possible,1 vacancy,,,,,,2024-04-22,https://www.jobbank.gc.ca/jobsearch/jobposting/40600273?source=searchresults
drywall installer and finisher,"Posted on March 23, 2024",EESA Construction Inc.,"Scarborough, ON",37.00 HOUR,30 hours per week,Permanent employmentFull time,Starts as soon as possible,1 vacancy,English,Secondary (high) school graduation certificate,1 year to less than 2 years,"Apply successive coats of compound and sand seams and joints, Cut and install metal corner beads to protect exterior corners, Fabricate and install suspended metal ceiling grids and place in panels to form acoustical and coffered ceilings, Fill joints, nail indentations, holes and cracks with joint compound using trowel and broad knife, Measure, cut, fit and install drywall sheets, Position and secure sheets to metal or wooden studs or joists, Smooth out excess compound and allow coat to dry, Tape over joints using taping machine and embed tape in compound, Read and interpret blueprints, maps, drawings and specifications, Erect and install scaffolding, falsework and other working platforms",Health care plan,2024-04-22,https://www.jobbank.gc.ca/jobsearch/jobposting/40601529?source=searchresults
"driver, truck","Posted on March 14, 2024",Sanimax,"St-Albert, ON",,,Full time,Starts as soon as possible,1 vacancy,,,,,,2024-04-12,https://www.jobbank.gc.ca/jobsearch/jobposting/40519387?source=searchresults
MIS (management information systems) analyst,"Posted on March 11, 2024",HLV2K ENGINEERING LIMITED,"Mississauga, ON",41.50 HOUR,30 hours per week,Permanent employmentFull time,Starts as soon as possible,1 vacancy,English,Bachelor's degree,1 year to less than 2 years,"Confer with clients to identify requirements, Conduct business and technical studies, Design, develop and implement information systems business solutions, Provide advice on information systems strategy, policy, management and service delivery, Conduct reviews to assess quality assurance practices, software products and information systems, Resolve conflict situations",,2024-04-10,https://www.jobbank.gc.ca/jobsearch/jobposting/40483436?source=searchresults
administrative assistant,"Posted on March 06, 2024",Prominent Physio Inc.,"Hamilton, ON",25.25 HOUR,30 to 35 hours per week,Permanent employmentFull time,Starts as soon as possible,1 vacancy,English,Secondary (high) school graduation certificate,1 year to less than 2 years,"Schedule and confirm appointments, Answer telephone and relay telephone calls and messages, Answer electronic enquiries, Order office supplies and maintain inventory, Plan, organize, direct, control and evaluate daily operations, Greet people and direct them to contacts or service areas, Open and distribute regular and electronic incoming mail and other material and co-ordinate the flow of information, Type and proofread correspondence, forms and other documents, Perform data entry, Provide customer service",,2024-04-05,https://www.jobbank.gc.ca/jobsearch/jobposting/40441133?source=searchresults
office administrator,"Posted on March 11, 2024",Topland Express,"Mississauga, ON",27.00 HOUR,35 hours per week,Permanent employmentFull time,Starts as soon as possible,1 vacancy,English,Secondary (high) school graduation certificate,7 months to less than 1 year,"Review and evaluate new administrative procedures, Establish work priorities and ensure procedures are followed and deadlines are met, Assist in the preparation of operating budget and maintain inventory and budgetary controls, Assemble data and prepare periodic and special reports, manuals and correspondence, Oversee and co-ordinate office administrative procedures",,2024-04-10,https://www.jobbank.gc.ca/jobsearch/jobposting/40480496?source=searchresults
marketing coordinator,"Posted on March 22, 2024",Stratford House of Blessing,"Stratford, ON",,,Permanent employmentPart time,Starts as soon as possible,1 vacancy,,,,,,,https://www.jobbank.gc.ca/jobsearch/jobposting/40596849?source=searchresults
fast food restaurant manager,"Posted on March 15, 2024",Soul Restaurants Canada Inc,"North York, ON","51,000 YEAR",40 hours per week,Permanent employmentFull time,Starts as soon as possible,1 vacancy,English,"College, CEGEP or other non-university certificate or diploma from a program of 3 months to less than 1 year",7 months to less than 1 year,"Plan, organize, direct, control and evaluate daily operations, Organize and maintain inventory, Ensure health and safety regulations are followed, Set staff work schedules and monitor staff performance, Address customers' complaints or concerns, Provide customer service, Recruit, train and supervise staff","Dental plan, Disability benefits, Health care plan, Vision care benefits",2024-04-14,https://www.jobbank.gc.ca/jobsearch/jobposting/40527806?source=searchresults
bricklayer helper,"Posted on March 03, 2024",Building Restoration Services Plus Inc,"Mount Hope, ON",26.10 HOUR,44 hours per week,Permanent employmentFull time,Starts as soon as possible,7 vacancies,English,"No degree, certificate or diploma",3 years to less than 5 years,"Load, unload and transport construction materials, Erect and dismantle concrete forms, scaffolding, ramps, catwalks shoring and barricades, Mix, pour and spread materials such as concrete and asphalt, Level earth to fine grade specifications, Clean and pile salvaged materials, Perform routine maintenance work, Remove rubble and other debris at construction sites, Tend or feed machines or equipment used in construction, Prepare and lay bricks, concrete blocks, structural tiles or other masonry units",,2024-04-02,https://www.jobbank.gc.ca/jobsearch/jobposting/40416220?source=searchresults
food service supervisor,"Posted on February 28, 2024",VRAJIL INC.,"Kitchener, ON",17.00 HOUR,35 hours per week,Permanent employmentFull time,Starts as soon as possible,1 vacancy,English,Secondary (high) school graduation certificate,1 year to less than 2 years,"Establish methods to meet work schedules, Supervise and co-ordinate activities of staff who prepare and portion food, Train staff in job duties, sanitation and safety procedures, Estimate ingredient and supplies required for meal preparation, Ensure that food and service meet quality control standards, Prepare budget and cost estimates, Address customers' complaints or concerns, Maintain records of stock, repairs, sales and wastage, Supervise and check assembly of trays, Supervise and check delivery of food trolleys, Establish work schedules",,2024-04-24,https://www.jobbank.gc.ca/jobsearch/jobposting/40386734?source=searchresults
salesperson - retail,"Posted on March 18, 2024",Home Depot,"Bowmanville, ON",,,Part time,Starts as soon as possible,1 vacancy,,,,,,2024-04-16,https://www.jobbank.gc.ca/jobsearch/jobposting/40543743?source=searchresults
general construction labourer,"Posted on March 17, 2024",American Iron and Metal,"Ajax, ON",,,,Starts as soon as possible,1 vacancy,,,,,,2024-04-17,https://www.jobbank.gc.ca/jobsearch/jobposting/40544859?source=searchresults
drafting technologist,"Posted on March 13, 2024",Grey Goat Supply,"Concord, ON","65,000 YEAR",40 hours per week,Permanent employmentFull time,Starts as soon as possible,1 vacancy,English,"College, CEGEP or other non-university certificate or diploma from a program of 1 year to 2 years

or equivalent experience",1 year to less than 2 years,"Prepare engineering designs and drawings, Develop and prepare design sketches, Prepare construction specifications, costs and material estimates, Write specifications, Estimate costs and materials, Complete documentation packages and drawing sets, Read and interpret blueprints, Examine drawings for conformity and errors, Consult with client, engineers or production specialists to establish product requirements",,2024-04-12,https://www.jobbank.gc.ca/jobsearch/jobposting/40502073?source=searchresults
door installer,"Posted on March 06, 2024",Good 2 Build Construction Inc,"Mississauga, ON",24.50 HOUR,40 hours per week,Permanent employmentFull time,Starts as soon as possible,1 vacancy,English,Secondary (high) school graduation certificate,1 to less than 7 months,"Determine layout and installation procedures, Measure and mark guidelines to be used for installations, Prepare and maintain work materials and supplies, Utilize hand and power tools, Erect and install scaffolding, falsework and other working platforms, Read and interpret blueprints, maps, drawings and specifications, Install, repair and service interior or exterior prefabricated products",,2024-04-05,https://www.jobbank.gc.ca/jobsearch/jobposting/40438828?source=searchresults
human resources director,"Posted on March 26, 2024",Waterloo Region District School Board,"Cambridge, ON",,,Permanent employmentFull time,Starts as soon as possible,1 vacancy,,,,,,2024-05-25,https://www.jobbank.gc.ca/jobsearch/jobposting/40629734?source=searchresults
tool and die maker,"Posted on March 18, 2024",Omex Manufacturing,"Stratford, ON",36.40 HOUR,,Permanent employmentFull time,Starts as soon as possible,1 vacancy,,,,,,,https://www.jobbank.gc.ca/jobsearch/jobposting/40552137?source=searchresults
nursing assistant (registered - Québec),"Posted on March 08, 2024",Prescott-Russell,"Hawkesbury, ON",30.98 HOUR,,Permanent employmentFull time,Starts as soon as possible,2 vacancies,,,,,,2024-04-06,https://www.jobbank.gc.ca/jobsearch/jobposting/40455383?source=searchresults
"testing, adjusting and balancing (tab) technician for heating, ventilating and air conditioning (hvac)","Posted on March 27, 2024",R.A. Archer Refrigeration Ltd.,"Barrie, ON",25.00 HOUR,,Full time,Starts as soon as possible,1 vacancy,,,,,,,https://www.jobbank.gc.ca/jobsearch/jobposting/40641568?source=searchresults
cook's helper,"Posted on March 20, 2024",MISTAAN CATERING & SWEETS INC.,"North York, ON",17.00 HOUR,37.5 hours per week,Permanent employmentFull time,Starts as soon as possible,2 vacancies,English,Secondary (high) school graduation certificate,1 year to less than 2 years,"Bring clean dishes, flatware and other items to serving areas and set tables, Carrying and replace linen, Clean and sanitize items such as dishwasher mats, carts and waste disposal units, Clear and clean tables, trays and chairs, Load buspans and trays, Operate dishwashers to wash dishes, glassware and flatware, Place dishes in storage area, Replenish condiments and other supplies at tables and serving areas, Sanitize and wash dishes and other items by hand, Scour pots and pans, Package take-out food, Portion and wrap foods, Serve customers at counters or buffet tables, Stock refrigerators and salad bars, Take customers' orders, Handle and store cleaning products, Remove kitchen garbage and trash, Sharpen kitchen knives, Sweep, mop, wash and polish floors, Wash, peel and cut vegetables and fruit",,2024-04-19,https://www.jobbank.gc.ca/jobsearch/jobposting/40568045?source=searchresults
chicken catcher,"Posted on March 11, 2024",Moonfleet Poultry Services,"Brantford, ON",19.00 HOUR,40 hours per week,Permanent employmentFull time,Starts as soon as possible,100 vacancies,English,"No degree, certificate or diploma",Will train,Monitoring animal health,Piece work,2024-04-10,https://www.jobbank.gc.ca/jobsearch/jobposting/40483419?source=searchresults
housekeeper,"Posted on March 13, 2024",Jade Waksman,"York, ON",18.00 HOUR,30 hours per week,Permanent employmentFull time,Starts as soon as possible,1 vacancy,English,"No degree, certificate or diploma",Experience an asset,"Sweep, mop, wash and polish floors, Dust furniture, Vacuum carpeting, area rugs, draperies and upholstered furniture, Make beds and change sheets, Stock linen closet, Clean, disinfect and polish kitchen and bathroom fixtures and appliances, Launder clothing and household linens, Perform light housekeeping and cleaning duties, Wash windows, walls and ceilings",,2024-04-12,https://www.jobbank.gc.ca/jobsearch/jobposting/40501420?source=searchresults
bricklayer,"Posted on February 29, 2024",AMOORDOD INC,"Concord, ON",41.00 HOUR,40 hours per week,Permanent employmentFull time,Starts as soon as possible,4 vacancies,English,Secondary (high) school graduation certificate,2 years to less than 3 years,"Prepare and lay bricks, concrete blocks, structural tiles or other masonry units, Estimate materials, tools and equipment required for projects, Lay bricks, stone or similar materials to provide veneer facing, Construct and install prefabricated masonry units, Work at heights, on scaffolding or swing stages, Cut and trim bricks and concrete blocks to specification using hand and power tools, Instruct apprentices, Lay bricks or other masonry units to build residential or commercial chimneys and fireplaces, Lay radial bricks to build masonry shells of industrial chimneys, Lay or install firebricks to line industrial chimneys and smokestacks, Restore, clean or paint existing masonry structures",,2024-04-05,https://www.jobbank.gc.ca/jobsearch/jobposting/40394062?source=searchresults
cook,"Posted on March 04, 2024",2756298 Ontario Inc.,"Waterloo, ON",27.00 HOUR,30 hours per week,Permanent employmentFull time,Starts as soon as possible,1 vacancy,English,Secondary (high) school graduation certificate,1 to less than 7 months,"Prepare and cook complete meals or individual dishes and foods, Plan menus, determine size of food portions, estimate food requirements and costs, and monitor and order supplies, Inspect kitchens and food service areas, Train staff in preparation, cooking and handling of food, Supervise kitchen staff and helpers, Clean kitchen and work areas, Organize buffets and banquets, Manage kitchen operations",,2024-04-03,https://www.jobbank.gc.ca/jobsearch/jobposting/40422168?source=searchresults
line cook,"Posted on March 15, 2024",Good Behaviour,"York, ON",18.00 HOUR,,Full time,Starts as soon as possible,1 vacancy,,,,,,,https://www.jobbank.gc.ca/jobsearch/jobposting/40529797?source=searchresults
esthetician,"Posted on March 14, 2024",Laser It ltd,"LaSalle, ON","35,000 YEAR",,Full time,Starts as soon as possible,1 vacancy,,,,,,,https://www.jobbank.gc.ca/jobsearch/jobposting/40518724?source=searchresults
"guard, security","Posted on March 22, 2024",Allied Universal,"London, ON",,,Permanent employmentFull time,Starts as soon as possible,1 vacancy,,,,,,2024-04-22,https://www.jobbank.gc.ca/jobsearch/jobposting/40600088?source=searchresults
administrative assistant,"Posted on February 27, 2024",Oscar Truck Sales Inc.,"Mississauga, ON",27.00 HOUR,35 to 40 hours per week,Permanent employmentFull time,Starts as soon as possible,3 vacancies,English,College/CEGEP,1 year to less than 2 years,"Arrange and co-ordinate seminars, conferences, etc., Supervise other workers, Train other workers, Record and prepare minutes of meetings, seminars and conferences, Determine and establish office procedures and routines, Schedule and confirm appointments, Answer telephone and relay telephone calls and messages, Answer electronic enquiries, Compile data, statistics and other information, Order office supplies and maintain inventory, Arrange travel, related itineraries and make reservations, Greet people and direct them to contacts or service areas, Open and distribute regular and electronic incoming mail and other material and co-ordinate the flow of information, Set up and maintain manual and computerized information filing systems, Type and proofread correspondence, forms and other documents",,2024-04-11,https://www.jobbank.gc.ca/jobsearch/jobposting/40376622?source=searchresults
"labourer, general - manufacturing","Posted on March 18, 2024",LinHR Consulting Inc.,"Ajax, ON",17.00 HOUR,40 hours per week,Casual employmentFull time,Starts as soon as possible,3 vacancies,English,"Secondary (high) school graduation certificate

or equivalent experience",1 to less than 7 months,"Transport raw materials, finished products and equipment throughout plant manually or using powered equipment, Sort, pack, crate and package materials and products, Perform other labouring and elemental activities, Clean machines and immediate work areas, Move, sort and pile materials and products",Parking available,2024-04-17,https://www.jobbank.gc.ca/jobsearch/jobposting/40550619?source=searchresults
administrative assistant,"Posted on March 11, 2024",professional book fairs,"Etobicoke, ON",27.10 HOUR,30 hours per week,Permanent employmentFull time,Starts as soon as possible,2 vacancies,English,"Secondary (high) school graduation certificate

or equivalent experience",1 year to less than 2 years,"Arrange and co-ordinate seminars, conferences, etc., Schedule and confirm appointments, Answer telephone and relay telephone calls and messages, Answer electronic enquiries, Compile data, statistics and other information, Oversee the preparation of reports, Order office supplies and maintain inventory, Negotiate collective agreements on behalf of employers or workers, Arrange travel, related itineraries and make reservations, Greet people and direct them to contacts or service areas, Type and proofread correspondence, forms and other documents, Perform data entry, 3-4 people",,2024-04-10,https://www.jobbank.gc.ca/jobsearch/jobposting/40483731?source=searchresults
housekeeping room attendant,"Posted on March 20, 2024",Holiday Inn Kingston Waterfront,"Kingston, ON",,,Part time,Starts as soon as possible,1 vacancy,,,,,,,https://www.jobbank.gc.ca/jobsearch/jobposting/40588835?source=searchresults
speech-language pathologist,"Posted on March 26, 2024",Durham District School Board,"Whitby, ON",,,Permanent employmentFull time,Starts as soon as possible,1 vacancy,,,,,,2024-05-25,https://www.jobbank.gc.ca/jobsearch/jobposting/40631382?source=searchresults
kinesiologist,"Posted on March 25, 2024",VON Canada,"Chatham, ON",,,Casual employmentFull time,Starts as soon as possible,,,,,,,2024-04-24,https://www.jobbank.gc.ca/jobsearch/jobposting/40610520?source=searchresults
French as a second language elementary school teacher,"Posted on March 26, 2024",Durham Catholic District School Board,"Uxbridge, ON",,,Permanent employmentFull time,Starts as soon as possible,1 vacancy,,,,,,2024-05-25,https://www.jobbank.gc.ca/jobsearch/jobposting/40630033?source=searchresults
cellular telephone technician,"Posted on March 19, 2024",Koolkovers,"Windsor, ON",30.51 HOUR,32 to 40 hours per week,Permanent employmentFull time,Starts as soon as possible,1 vacancy,English,"College, CEGEP or other non-university certificate or diploma from a program of 3 months to less than 1 year",1 year to less than 2 years,"Diagnose and locate equipment faults, and adjust, replace or repair telecommunications equipment, Inspect operation of telecommunications equipment, Install, arrange, remove and maintain telephone equipment, wiring and associated hardware, Repair or replace defective telephone equipment, Test installed telephone systems to locate transmission faults, Analyze test results and adjust, change or repair switching system, network, associated equipment and software, Complete and maintain test and service reports, Determine nature, cause and location of trouble, Operate computerized testing systems to conduct service tests on customer lines and equipment, Inspect, test and repair cable signals and associated equipment, Repair or replace faulty cables, power suppliers and amplifiers",,2024-04-18,https://www.jobbank.gc.ca/jobsearch/jobposting/40559779?source=searchresults
housekeeping room attendant,"Posted on March 26, 2024",The Hazelton Hotel,"Toronto, ON",,,Part time,Starts as soon as possible,1 vacancy,,,,,,,https://www.jobbank.gc.ca/jobsearch/jobposting/40646279?source=searchresults
child care provider - private home,"Posted on March 19, 2024",Jane Crooks,"Fergus, ON",18.00 HOUR,40 hours per week,Term or contractFull time,Starts as soon as possible,1 vacancy,English,"Secondary (high) school graduation certificate

or equivalent experience",7 months to less than 1 year,"Assume full responsibility for household in absence of parents, Perform light housekeeping and cleaning duties, Shop for food and household supplies, Travel with family on trips and assist with child supervision and housekeeping duties, Wash, iron and press clothing and household linens, Discipline children according to the methods requested by the parents, Instruct children in personal hygiene and social development, Keep records of daily activities and health information regarding children, Maintain a safe and healthy environment in the home, Prepare and serve nutritious meals, Supervise and care for children, Take children to and from school and to appointments, Help children with homework, Cook",,2024-04-16,https://www.jobbank.gc.ca/jobsearch/jobposting/40561354?source=searchresults
cook,"Posted on March 11, 2024",Tandoori Tonight LTD.,"Barrie, ON",17.00 HOUR,30 to 35 hours per week,Permanent employmentFull time,Starts as soon as possible,2 vacancies,English,Secondary (high) school graduation certificate,1 year to less than 2 years,"Prepare and cook complete meals or individual dishes and foods, Prepare and cook special meals for patients as instructed by dietitian or chef, Plan menus, determine size of food portions, estimate food requirements and costs, and monitor and order supplies, Inspect kitchens and food service areas, Train staff in preparation, cooking and handling of food, Order supplies and equipment, Supervise kitchen staff and helpers, Maintain inventory and records of food, supplies and equipment, Clean kitchen and work areas, Recruit and hire staff, Organize buffets and banquets, Manage kitchen operations",,2024-04-10,https://www.jobbank.gc.ca/jobsearch/jobposting/40485921?source=searchresults
electrical mechanic,"Posted on March 28, 2024",Biscuits Leclerc Ltd,"Hawkesbury, ON",32.59 HOUR,40 hours per week,Permanent employmentFull time,Starts as soon as possible,2 vacancies,English or French,"College, CEGEP or other non-university certificate or diploma from a program of 1 year to 2 years",3 years to less than 5 years,"Test and observe electrical and mechanical conditions of equipment, Troubleshoot and repair electric motors, transformers, switchgear, generators and other electro-mechanical equipment, Replace or recondition shafts, bearings, commutators and other components, Perform on-site servicing and repair, Test and repair or replace faulty wiring or components in electrical switchgear, Test repaired motors, transformers, switchgear or other electrical apparatus to ensure proper performance","Dental plan, Disability benefits, Health care plan, Bonus, Life insurance, Night shift premium, Free parking available, Team building opportunities",2024-04-27,https://www.jobbank.gc.ca/jobsearch/jobposting/40648538?source=searchresults
delivery driver,"Posted on March 06, 2024",Arisha Inc.,"Belleville, ON",18.25 HOUR,30 to 40 hours per week,Permanent employmentFull time,Starts as soon as possible,3 vacancies,English,Secondary (high) school graduation certificate,1 year to less than 2 years,"Deliver and pick up messages, parcels, and other items by hand, Operate and drive automobiles, vans and light trucks to pick up and deliver various items and products, Receive and relay information to central dispatch, Assemble, install and set-up merchandise/products, Keep a record of items received and delivered, Prepare, package and restock goods, Load and unload goods, Sort packages for delivery, Follow directions and read map, Perform administrative tasks",,2024-04-05,https://www.jobbank.gc.ca/jobsearch/jobposting/40437776?source=searchresults
marketing coordinator,"Posted on March 22, 2024",TROPICAL TREETS,"North York, ON",,,,Starts as soon as possible,1 vacancy,,,,,,2024-04-22,https://www.jobbank.gc.ca/jobsearch/jobposting/40600475?source=searchresults
insurance manager,"Posted on March 24, 2024",Westland Insurance Group,"Timmins, ON",,,,Starts as soon as possible,1 vacancy,,,,,,2024-04-23,https://www.jobbank.gc.ca/jobsearch/jobposting/40604444?source=searchresults
"CFO (chief financial officer) - goods production, utilities, transportation and construction","Posted on March 06, 2024",1455492 Ontario Inc.,"Mississauga, ON",60.00 HOUR,35 hours per week,Permanent employmentFull time,Starts as soon as possible,1 vacancy,English,Bachelor's degree,1 year to less than 2 years,"Allocate material, human and financial resources to implement organizational policies and programs, Authorize and organize the establishment of major departments and associated senior staff positions, Co-ordinate the work of regions, divisions or departments, Establish financial and administrative controls; formulate and approve promotional campaigns; and approve overall human resources planning, Establish objectives for the organization and formulate or approve policies and programs, Represent the organization, or delegate representatives to act on behalf of the organization, in negotiations or other official functions, Select middle managers, directors or other executive staff; delegate the necessary authority to them and create optimum working conditions",,2024-04-05,https://www.jobbank.gc.ca/jobsearch/jobposting/40438198?source=searchresults
administrative assistant,"Posted on March 26, 2024",Hero Certified Burgers,"Etobicoke, ON",28.00 HOUR,35 to 40 hours per week,Permanent employmentFull time,Starts as soon as possible,1 vacancy,English,Secondary (high) school graduation certificate,1 year to less than 2 years,"Schedule and confirm appointments, Answer telephone and relay telephone calls and messages, Answer electronic enquiries, Order office supplies and maintain inventory, Organize staff consultation and grievance procedures, Greet people and direct them to contacts or service areas, Open and distribute regular and electronic incoming mail and other material and co-ordinate the flow of information, Type and proofread correspondence, forms and other documents, Provide customer service, 3-4 people","Other benefits, Parking available",2024-04-25,https://www.jobbank.gc.ca/jobsearch/jobposting/40627733?source=searchresults
